threads,serial,parallel,speedup
1,53.93082,53.93062,1.0000
2,53.94023,26.97132,1.9999
4,53.93210,13.48481,3.9995
8,53.93091,6.74307,7.9980
