Workers, Time
2, 13.433887
4, 7.513744
8, 4.556835
16, 3.211671
