Workers, Time
2, 13.494389
4, 7.997771
8, 4.778308
16, 3.561368
